고양이로소이다,1781,3,899,NNG+VCP+EC,*,F,고양이로소이다,Preanalysis,NNG,EC,고양이/NNG/*+/VCP/*+로소이다/EC/*
고양이로소이다,1781,5,2305,NNG+VCP+EF,*,F,고양이로소이다,Preanalysis,NNG,EF,고양이/NNG/*+/VCP/*+로소이다/EF/*
월드와이드웹,1781,3535,3534,NNP,*,T,월드와이드웹,Preanalysis,NNG,NNG,월드/NNG/*+와이드/NNG/*+웹/NNG/*
은전한닢,1781,3535,0,NNG+NR+NNG,*,T,은전한닢,Preanalysis,NNG,NNG,은전/NNG/*+한/NR/*+닢/NNG/*
하체비만,1781,3535,-185,NNG+NNG,*,T,하체비만,Preanalysis,NNG,NNG,하체/NNG/*+비만/NNG/*
